pattern,reason
Midas Consulting,unrelated Midas entity
Midas Safety,unrelated Midas entity
Midas Financial,unrelated Midas entity
Midas Touch,unrelated Midas entity
Midas Foods,unrelated Midas entity
Midas Management,unrelated Midas entity
Midas Capital,unrelated Midas entity
Midas Money,unrelated Midas entity
Midas Fabric,unrelated Midas entity
Midas Productions,unrelated Midas entity
Midas Brands,unrelated Midas entity
Midas Hospitality,unrelated Midas entity
Midas Gold,unrelated Midas entity
Right at Home Realty,unrelated real estate entity
Right At Home Realty,unrelated real estate entity
Midas International,franchisor/corporate entity
AlphaGraphics International,franchisor/corporate entity
PostNet International Franchise Corporation,franchisor/corporate entity
United Parcel Service,parent/corporate entity
The UPS Store Inc,franchisor/corporate entity
FASTSIGNS International,franchisor/corporate entity
Propelled Brands,franchisor/corporate entity
Neighborly,parent/corporate entity
Authority Brands,parent/corporate entity
Five Star Franchising,parent/corporate entity
EverSmith Brands,parent/corporate entity
ServiceMaster Brands,parent/corporate entity
Driven Brands,parent/corporate entity
United Franchise Group,parent/corporate entity
Home Franchise Concepts,parent/corporate entity
Servpro Industries,franchisor/corporate entity
Christian Brothers Automotive Corporation,franchisor/corporate entity
Jiffy Lube International,franchisor/corporate entity
Grease Monkey International,franchisor/corporate entity
Maaco Corporation,franchisor/corporate entity
Maaco Enterprises,franchisor/corporate entity
Sir Speedy Inc,franchisor/corporate entity
Synergy HomeCare Franchising,franchisor/corporate entity
Gotcha Covered Franchising,franchisor/corporate entity
Junk King Franchise Systems,franchisor/corporate entity
Mosquito Shield Franchise Corporation,franchisor/corporate entity
Screenmobile Corporation,franchisor/corporate entity
Home Instead Inc,franchisor/corporate entity
Honor Technology,parent/corporate entity
BELFOR Franchise Group,parent/corporate entity
Threshold Brands,parent/corporate entity
Best Life Brands,parent/corporate entity
O2E Brands,parent/corporate entity
Franchise FastLane,franchise sales organization
FranNet,franchise broker network
FranChoice,franchise broker network
The Franchise Consulting Company,franchise broker network
IFPG,franchise broker network
Transworld Business Advisors,business brokerage
Ziebart International,franchisor/corporate entity
Ziebart Consulting,unrelated consulting entity
